accommodates,bathrooms,bedrooms,calculated_host_listings_count,guests_included,host_listings_count,latitude,longitude,minimum_nights,number_of_reviews,d_centre,instant_bookable_t,room_type_Entire home/apt,room_type_Private room,room_type_Shared room,price_category
3,1,2,1,2,1,52.370,4.859,3,3,2.93898,0,1,0,0,Low
4,1,3,1,1,1,52.354,4.905,2,27,2.86236,0,1,0,0,Medium
2,1,1,2,2,2,52.367,4.982,2,13,5.79208,0,0,1,0,Low
3,1,1,1,2,1,52.351,4.894,3,6,3.13580,1,1,0,0,Low
2,1,1,1,1,1,52.354,4.934,6,34,3.62406,0,0,1,0,Low
2,1,1,1,1,1,52.384,4.916,2,4,1.28143,0,1,0,0,Low
2,1,1,1,1,1,52.408,4.892,2,0,3.27897,0,0,1,0,Low
4,1,3,1,1,1,52.345,4.932,7,0,4.37303,1,1,0,0,Low
3,1,1,1,2,1,52.388,4.929,3,13,2.25847,0,1,0,0,Low
5,2,3,1,4,1,52.353,4.885,2,3,3.02390,0,1,0,0,Mid-High
2,1,1,1,1,1,52.358,4.893,6,6,2.40217,0,1,0,0,Medium
4,1,3,2,4,2,52.420,4.903,5,10,4.50350,0,1,0,0,Medium
4,2,2,1,2,1,52.364,4.935,3,13,2.94825,0,1,0,0,Medium
4,1,2,1,2,1,52.358,4.910,2,1,2.45832,0,1,0,0,Medium
4,1,2,1,2,1,52.355,4.847,2,1,4.48463,0,1,0,0,Low
2,1,0,1,1,1,52.384,4.893,2,113,0.67574,0,1,0,0,Low
2,1,1,1,1,1,52.352,4.892,3,1,3.06198,1,1,0,0,Medium
2,1,1,1,1,1,52.352,4.782,3,14,8.48714,0,0,1,0,Low
2,1,0,1,1,1,52.340,4.921,4,9,4.58845,1,1,0,0,Medium
2,1,1,1,1,1,52.376,4.902,2,42,0.37789,0,1,0,0,Medium
2,1,1,1,1,1,52.365,4.853,1,2,3.52274,0,0,1,0,Low
2,1,1,1,1,1,52.377,4.838,3,18,4.19056,0,0,1,0,Low
3,1,1,1,2,1,52.356,4.889,2,10,2.67906,0,1,0,0,Low
2,1,1,1,1,1,52.379,4.874,7,3,1.72130,0,1,0,0,Low
2,1,1,1,1,1,52.359,4.855,2,15,3.72325,0,1,0,0,Low
4,1,1,2,2,2,52.319,4.955,1,3,7.66519,1,0,1,0,Low
4,2,4,2,6,3,52.374,4.949,4,6,3.39982,0,1,0,0,Highest
2,1,2,1,1,1,52.353,5.002,30,4,7.52386,0,1,0,0,Low
8,1,4,3,10,3,52.364,4.869,2,28,2.65500,1,1,0,0,Highest
2,1,1,1,1,1,52.358,4.782,2,6,8.26790,0,0,1,0,Low
3,1,2,1,2,1,52.393,4.943,2,0,3.32862,1,1,0,0,Low
2,1,1,2,1,2,52.379,4.802,1,29,6.61524,1,0,1,0,Low
6,2,4,1,1,1,52.357,4.933,3,6,3.34836,0,1,0,0,Mid-High
2,1,1,1,1,1,52.350,4.914,7,7,3.34420,0,1,0,0,Low
2,1,1,1,1,1,52.399,4.937,4,2,3.32511,0,1,0,0,Low
4,1,2,1,1,1,52.372,4.945,4,0,3.20655,0,1,0,0,Low
4,2,2,2,1,4,52.358,4.898,3,0,2.37465,0,1,0,0,Highest
2,1,1,2,1,2,52.356,4.796,2,3,7.44463,0,0,1,0,Low
2,1,0,1,1,1,52.351,4.895,10,30,3.12781,0,1,0,0,Low
3,1,1,1,2,2,52.417,4.891,5,7,4.23521,0,1,0,0,Low
2,2,2,3,1,3,52.355,4.918,3,68,2.99414,0,1,0,0,Low
3,1,1,1,1,1,52.389,4.916,1,5,1.54662,0,0,1,0,Low
4,1,2,1,4,1,52.377,4.896,2,35,0.32862,0,1,0,0,Mid-High
2,2,1,3,1,4,52.366,4.874,1,5,2.28027,0,0,1,0,Low
2,1,1,1,2,1,52.345,4.898,2,5,3.81808,0,1,0,0,Low
5,2,2,1,4,1,52.369,4.916,4,1,1.58950,1,1,0,0,Mid-High
2,1,1,9,1,9,52.375,4.881,3,23,1.33683,0,0,1,0,Low
2,1,1,1,1,1,52.399,4.930,2,22,3.02277,0,0,1,0,Low
4,2,1,1,1,1,52.365,4.892,2,1,1.61854,0,0,1,0,Mid-High
2,1,1,2,1,2,52.365,4.851,1,89,3.63643,0,0,1,0,Low
4,2,1,91,1,103,52.369,4.879,2,0,1.80643,1,1,0,0,Highest
2,1,1,19,1,21,52.368,4.931,2,0,2.45676,1,1,0,0,Low
2,4,1,8,1,8,52.394,4.883,3,3,1.96972,0,0,1,0,Low
2,1,1,1,1,1,52.362,4.854,6,8,3.65682,0,1,0,0,Low
2,1,1,1,1,1,52.361,4.855,2,0,3.62162,0,1,0,0,Low
2,1,1,1,1,1,52.364,4.864,1,0,2.93912,0,1,0,0,Low
4,1,1,1,2,1,52.417,4.885,2,2,4.30002,1,1,0,0,Low
2,1,1,1,1,1,52.367,4.857,2,1,3.15828,0,1,0,0,Low
2,1,1,1,1,1,52.376,4.887,2,55,0.93343,0,1,0,0,Mid-High
2,1,1,3,1,4,52.361,4.865,2,197,3.12676,1,0,1,0,Low
4,2,2,1,2,1,52.375,4.900,3,19,0.42641,1,1,0,0,Mid-High
2,1,0,1,1,1,52.366,4.867,1,26,2.60212,0,1,0,0,Low
2,1,1,1,1,1,52.353,4.919,2,23,3.20735,0,1,0,0,Low
4,2,2,1,3,1,52.364,4.877,3,21,2.23953,0,1,0,0,Mid-High
4,1,3,1,1,1,52.384,4.890,1,24,0.84334,0,1,0,0,Low
4,1,2,1,2,1,52.388,4.883,2,1,1.43869,0,1,0,0,Low
2,1,1,1,1,2,52.366,4.912,2,207,1.71925,0,0,1,0,Low
2,1,1,1,1,1,52.369,4.862,2,20,2.77817,0,1,0,0,Low
3,1,1,1,2,1,52.379,4.895,1,2,0.30801,1,0,1,0,Low
2,1,2,1,1,2,52.383,4.878,1,0,1.51442,0,1,0,0,Low
7,2,3,1,4,1,52.354,4.908,3,14,2.83978,0,1,0,0,Highest
2,1,1,1,1,3,52.380,4.880,2,5,1.30675,0,1,0,0,Mid-High
2,2,1,1,1,1,52.374,4.885,2,33,1.09346,1,0,1,0,Low
2,1,1,3,2,3,52.381,4.869,2,23,2.04067,0,0,1,0,Low
2,1,1,1,2,1,52.353,4.855,2,2,4.17175,0,1,0,0,Low
2,1,1,2,1,2,52.372,4.874,1,51,1.95110,0,0,1,0,Low
2,1,1,1,1,1,52.320,4.944,2,0,7.20690,1,0,1,0,Low
2,1,1,1,1,1,52.362,4.868,4,7,2.82383,0,1,0,0,Low
2,2,2,3,1,3,52.354,4.918,2,1,3.11785,1,1,0,0,Low
4,1,2,1,1,1,52.371,4.883,3,35,1.44692,0,1,0,0,Mid-High
4,2,2,2,1,2,52.374,4.891,3,15,0.83180,0,1,0,0,Highest
4,1,3,1,1,1,52.384,4.868,2,8,2.19820,0,1,0,0,Mid-High
2,1,2,1,1,2,52.344,4.904,2,8,3.91423,0,1,0,0,Low
2,1,1,1,1,1,52.352,4.942,4,7,4.20262,0,0,1,0,Low
4,1,2,3,4,3,52.382,4.876,3,22,1.64453,0,1,0,0,Mid-High
2,1,0,1,1,1,52.327,4.949,2,18,6.72347,0,1,0,0,Low
2,1,0,28,1,29,52.367,4.903,2,1,1.41293,0,1,0,0,Low
2,1,1,1,2,1,52.364,4.890,3,2,1.79364,0,1,0,0,Low
3,1,1,6,2,6,52.363,4.897,1,5,1.85629,1,1,0,0,Low
4,1,3,1,2,1,52.352,4.911,2,235,3.10902,0,0,1,0,Low
5,1,3,1,1,1,52.356,4.874,3,0,3.10387,0,1,0,0,Highest
2,1,1,1,1,1,52.366,4.933,1,14,2.67872,1,0,1,0,Low
6,2,2,1,4,1,52.353,4.934,2,4,3.74773,0,1,0,0,Mid-High
6,3,3,1,1,1,52.342,4.869,1,0,4.57967,0,1,0,0,Highest
2,1,1,1,1,1,52.378,4.834,2,0,4.42805,0,1,0,0,Low
2,1,1,1,1,1,52.356,4.872,3,23,3.20229,0,1,0,0,Low
2,1,1,1,1,1,52.370,4.939,2,18,2.86746,0,0,1,0,Low
2,1,1,1,2,1,52.358,4.858,1,14,3.67261,0,0,1,0,Mid-High
6,2,3,1,1,1,52.397,4.908,1,4,2.05359,0,1,0,0,Mid-High
2,1,1,3,1,3,52.364,4.898,2,67,1.69786,0,0,1,0,Low
2,2,1,1,1,1,52.356,4.924,1,7,3.06732,0,0,1,0,Low
1,2,1,1,1,1,52.354,4.941,15,0,3.97905,1,0,1,0,Low
2,1,0,1,1,1,52.361,4.842,3,12,4.38077,0,1,0,0,Low
2,1,1,1,1,1,52.375,4.878,5,5,1.53990,0,1,0,0,Low
2,1,1,1,1,1,52.353,4.855,1,1,4.20899,1,0,1,0,Low
2,1,1,1,1,1,52.356,4.802,1,1,7.08686,0,1,0,0,Low
2,1,1,1,1,1,52.382,4.869,4,15,2.06153,0,1,0,0,Low
2,1,1,1,1,1,52.326,4.875,1,1,6.08218,1,1,0,0,Low
2,1,1,1,1,1,52.351,4.887,2,10,3.21857,0,1,0,0,Low
4,1,2,2,1,2,52.377,4.897,2,0,0.33836,1,1,0,0,Mid-High
2,1,1,1,2,1,52.355,4.908,3,35,2.80101,0,1,0,0,Highest
2,1,1,1,1,1,52.353,4.840,2,6,4.94833,0,0,1,0,Low
2,1,1,2,1,2,52.318,4.985,3,67,8.99339,0,0,1,0,Low
4,1,2,1,2,1,52.359,4.934,3,2,3.24602,0,1,0,0,Low
2,1,1,1,1,1,52.363,4.932,2,5,2.85723,0,1,0,0,Low
2,1,0,1,1,1,52.355,4.886,2,0,2.80618,0,1,0,0,Low
2,1,1,1,1,2,52.378,4.879,2,84,1.37931,0,0,1,0,Low
2,2,1,1,1,1,52.333,4.852,2,0,6.04859,0,0,1,0,Low
1,1,1,1,1,1,52.377,4.945,5,3,3.13324,0,0,1,0,Low
2,1,1,1,1,1,52.379,4.856,2,0,2.92775,1,1,0,0,Low
2,2,1,1,1,1,52.342,4.911,3,0,4.18456,0,1,0,0,Low
2,1,1,1,1,1,52.374,4.862,1,2,2.58113,0,0,1,0,Low
2,1,1,2,1,2,52.360,4.942,1,1,3.59828,0,0,0,1,Low
2,1,1,1,2,1,52.371,4.906,2,0,1.03067,0,1,0,0,Low
2,1,1,1,1,1,52.352,4.857,1,2,4.21660,0,0,1,0,Low
2,1,1,1,1,1,52.352,4.785,2,44,8.30300,1,0,1,0,Low
2,1,1,3,1,3,52.323,4.972,2,1,8.00179,0,0,1,0,Low
1,1,1,3,1,3,52.365,4.876,3,52,2.23265,0,0,1,0,Low
2,1,1,1,1,1,52.347,4.898,3,8,3.61066,0,1,0,0,Low
2,1,1,1,2,2,52.366,4.852,2,53,3.49346,0,1,0,0,Low
2,2,1,1,1,1,52.363,4.840,2,5,4.38396,1,1,0,0,Low
4,1,1,1,1,1,52.344,4.861,1,2,4.75725,0,1,0,0,Low
4,2,3,1,4,1,52.369,4.874,4,2,2.06088,0,1,0,0,Mid-High
4,1,1,1,3,1,52.381,4.825,3,1,5.06156,1,1,0,0,Low
4,1,2,1,1,1,52.363,4.875,1,74,2.49450,0,1,0,0,Low
2,1,1,1,1,1,52.358,4.924,4,22,2.87225,0,1,0,0,Low
2,1,1,1,1,1,52.376,4.845,2,5,3.69154,1,0,1,0,Low
2,1,1,3,1,3,52.366,4.928,3,126,2.48899,0,0,1,0,Low
2,1,1,1,1,1,52.355,4.791,2,5,7.82762,0,0,0,1,Low
2,1,1,1,1,1,52.379,4.847,1,2,3.53966,0,0,1,0,Low
2,1,1,1,1,1,52.372,4.950,3,20,3.54783,0,1,0,0,Low
2,1,2,1,1,1,52.374,4.809,2,118,6.18618,0,1,0,0,Low
2,1,1,1,1,1,52.377,4.854,14,8,3.09692,0,1,0,0,Low
4,1,1,2,2,2,52.390,4.880,3,4,1.75294,0,1,0,0,Low
2,1,1,1,1,1,52.350,4.773,2,44,9.18739,0,1,0,0,Low
3,1,1,1,1,1,52.325,4.950,1,2,6.92105,0,1,0,0,Low
4,1,1,13,2,15,52.407,4.995,2,33,7.17266,0,0,1,0,Low
2,1,2,1,1,1,52.374,4.858,2,12,2.84849,0,1,0,0,Low
1,1,1,2,1,2,52.359,4.915,1,4,2.43826,1,0,1,0,Low
4,1,1,91,1,103,52.352,4.889,2,12,3.12400,1,1,0,0,Highest
2,1,1,1,1,1,52.356,4.991,1,0,6.71832,0,0,1,0,Low
4,2,2,1,2,1,52.363,4.862,5,6,3.12256,0,1,0,0,Low
2,1,0,1,1,1,52.375,4.891,2,18,0.71188,1,0,1,0,Low
4,2,2,1,1,1,52.355,4.899,3,3,2.65594,0,1,0,0,Mid-High
6,2,3,3,6,3,52.370,4.898,5,6,1.06020,0,1,0,0,Mid-High
4,2,3,1,1,1,52.363,4.917,4,3,2.12385,0,1,0,0,Mid-High
4,2,2,1,4,1,52.350,4.890,1,15,3.30688,0,1,0,0,Mid-High
4,2,3,1,5,1,52.354,4.866,3,7,3.57942,0,1,0,0,Mid-High
4,1,1,3,1,3,52.358,4.909,3,0,2.44951,0,0,1,0,Mid-High
4,1,4,1,4,1,52.363,4.918,2,27,2.18395,0,1,0,0,Mid-High
5,1,4,1,1,1,52.368,4.909,2,0,1.44962,0,1,0,0,Highest
6,3,4,1,4,1,52.380,4.877,3,23,1.49181,0,1,0,0,Mid-High
10,2,5,1,5,1,52.356,4.869,3,0,3.33938,0,1,0,0,Highest
4,1,1,1,1,1,52.372,4.892,2,4,0.91516,0,1,0,0,Highest
2,1,1,1,1,1,52.363,4.864,3,6,2.98120,0,1,0,0,Low
2,1,1,45,1,47,52.352,4.917,2,8,3.24325,1,1,0,0,Low
2,1,1,1,1,1,52.377,4.851,15,18,3.28917,0,0,1,0,Low
4,1,2,1,1,1,52.359,4.910,2,15,2.37934,0,1,0,0,Mid-High
2,1,1,1,1,1,52.373,4.882,2,2,1.37962,0,1,0,0,Low
1,1,1,1,1,1,52.362,4.936,1,1,3.08707,0,0,1,0,Low
2,1,1,1,1,1,52.386,4.887,3,1,1.10859,1,1,0,0,Low
2,1,1,1,1,1,52.356,4.996,2,5,7.01248,0,1,0,0,Low
2,1,1,1,1,1,52.355,4.920,2,12,3.06023,0,0,1,0,Low
2,1,1,1,1,1,52.349,5.012,2,159,8.33721,0,0,1,0,Low
3,1,1,1,2,1,52.349,4.861,1,2,4.23184,0,1,0,0,Low
2,1,1,1,1,1,52.372,4.868,2,4,2.26165,0,0,1,0,Low
4,1,2,1,1,1,52.365,4.877,5,9,2.20925,0,1,0,0,Mid-High
2,1,1,1,1,1,52.396,4.905,2,1,1.91258,0,1,0,0,Low
2,3,1,1,1,1,52.410,4.903,3,1,3.47771,0,0,1,0,Low
3,2,1,1,2,1,52.361,4.870,2,1,2.84145,0,1,0,0,Low
4,1,2,1,1,2,52.368,4.921,6,3,1.93295,0,1,0,0,Mid-High
2,1,1,1,1,1,52.345,4.907,5,3,3.86834,0,1,0,0,Low
2,1,1,1,1,1,52.385,4.889,1,5,0.98683,0,1,0,0,Highest
1,1,1,2,2,2,52.366,4.864,3,105,2.84265,1,0,1,0,Low
2,1,1,1,1,1,52.359,4.923,1,0,2.76937,0,0,1,0,Low
2,1,1,2,1,2,52.297,4.968,2,38,10.21514,1,0,1,0,Low
2,1,1,1,2,2,52.361,4.907,1,3,2.08627,0,0,1,0,Low
2,1,1,1,2,1,52.367,4.912,2,211,1.59040,0,0,1,0,Low
2,1,1,1,1,1,52.385,4.875,2,12,1.77370,0,1,0,0,Low
2,1,0,1,1,1,52.340,4.918,5,5,4.58452,0,1,0,0,Low
2,1,1,1,1,1,52.404,4.946,2,5,4.16395,1,0,1,0,Low
2,2,1,2,1,2,52.354,4.828,2,9,5.60570,0,0,1,0,Low
2,1,1,2,1,2,52.396,4.918,1,3,2.28626,0,0,1,0,Low
6,2,4,1,6,1,52.371,4.932,2,14,2.40893,0,1,0,0,Highest
16,2,9,1,16,1,52.353,5.006,2,29,7.82207,1,1,0,0,Highest
2,1,1,1,1,1,52.364,4.933,3,5,2.83279,0,1,0,0,Low
2,1,2,1,2,1,52.367,4.854,28,1,3.38108,0,1,0,0,Low
4,1,2,91,1,103,52.375,4.939,2,0,2.76507,1,1,0,0,Highest
2,2,1,4,2,5,52.356,4.851,2,7,4.16027,1,0,1,0,Low
2,1,1,1,1,1,52.359,4.858,2,2,3.62796,0,0,1,0,Low
2,1,1,1,1,1,52.355,4.896,4,1,2.66509,1,1,0,0,Low
2,1,1,1,1,1,52.364,4.933,2,8,2.86172,0,1,0,0,Low
2,1,1,1,1,1,52.380,4.853,2,1,3.16411,0,1,0,0,Low
2,1,1,1,1,1,52.351,4.799,1,187,7.46051,0,0,1,0,Low
2,1,1,1,1,1,52.403,4.925,2,111,3.14084,0,0,1,0,Low
2,1,1,2,1,2,52.356,4.804,3,0,6.97649,0,1,0,0,Low
2,1,1,1,1,1,52.372,4.866,3,7,2.41855,0,1,0,0,Low
1,1,1,1,1,1,52.355,4.889,3,82,2.75960,0,1,0,0,Low
4,1,3,1,1,1,52.384,4.881,4,10,1.37583,0,1,0,0,Highest
2,2,1,1,1,1,52.375,4.893,2,57,0.63383,0,0,1,0,Low
4,1,2,1,1,1,52.385,5.014,3,9,7.76584,0,1,0,0,Low
2,1,2,1,1,1,52.359,4.927,1,3,2.90339,0,1,0,0,Low
2,1,1,1,1,1,52.348,4.868,2,16,4.12397,0,0,1,0,Low
4,2,1,1,2,1,52.353,4.797,3,6,7.55402,0,0,1,0,Low
1,0,1,2,1,2,52.345,4.818,1,16,6.69064,0,0,0,1,Low
2,1,1,28,1,28,52.367,4.874,2,8,2.22529,1,1,0,0,Low
2,1,1,1,1,1,52.380,4.820,1,3,5.40053,0,0,1,0,Low
2,1,2,1,2,1,52.371,4.922,7,1,1.81201,0,1,0,0,Low
2,1,1,1,1,1,52.372,4.865,3,30,2.47953,0,0,1,0,Low
4,3,3,5,4,5,52.353,4.909,7,44,3.00246,0,1,0,0,Mid-High
2,1,1,11,2,22,52.374,4.886,7,56,1.02411,0,1,0,0,Low
4,1,3,5,4,5,52.354,4.895,3,5,2.77180,0,1,0,0,Mid-High
2,1,1,1,1,1,52.370,4.905,2,13,1.13534,0,1,0,0,Low
2,1,1,1,2,1,52.378,4.886,4,15,0.92176,0,0,1,0,Low
2,2,1,1,1,1,52.363,4.864,1,0,2.97568,0,0,1,0,Low
2,1,1,1,1,1,52.360,4.856,1,5,3.62331,0,1,0,0,Low
5,1,3,3,4,3,52.369,4.863,2,1,2.71032,0,1,0,0,Mid-High
2,1,1,1,1,1,52.356,4.926,2,6,3.14432,0,1,0,0,Low
2,1,1,7,1,7,52.378,4.874,3,1,1.76335,0,0,1,0,Low
2,2,1,2,1,2,52.373,4.922,2,61,1.64678,1,0,1,0,Low
2,1,0,1,1,1,52.384,4.870,2,4,2.03192,0,1,0,0,Low
2,1,1,1,1,1,52.377,4.856,4,3,2.94334,0,1,0,0,Low
2,2,1,1,1,1,52.364,4.941,3,2,3.26973,0,1,0,0,Low
2,1,1,1,1,1,52.376,4.858,2,5,2.83669,0,1,0,0,Low
2,1,1,1,1,1,52.360,4.917,1,0,2.48587,0,0,1,0,Low
2,1,1,1,1,1,52.376,4.884,2,107,1.09679,0,0,1,0,Low
3,1,1,1,1,1,52.319,4.950,1,25,7.55943,0,0,1,0,Low
2,1,1,1,1,1,52.393,4.960,1,3,4.40026,0,0,1,0,Low
2,1,2,1,1,1,52.362,4.856,1,0,3.50498,0,1,0,0,Low
4,1,2,1,2,1,52.356,4.918,3,4,2.89217,0,1,0,0,Low
4,1,2,1,2,1,52.376,4.859,2,1,2.76832,1,1,0,0,Low
4,1,1,4,2,4,52.325,4.946,2,0,6.77539,1,0,1,0,Mid-High
2,1,1,1,1,1,52.340,4.907,2,5,4.34528,0,1,0,0,Low
2,1,1,1,2,1,52.353,4.916,2,35,3.12420,0,0,1,0,Low
1,1,1,1,1,1,52.362,4.926,3,64,2.64968,0,0,1,0,Low
4,1,1,1,2,1,52.333,4.902,2,7,5.18768,0,0,1,0,Low
2,2,2,1,1,1,52.361,4.926,3,17,2.73061,0,1,0,0,Low
2,1,1,1,1,1,52.367,4.903,2,132,1.37819,0,0,1,0,Low
2,1,1,1,1,1,52.347,4.847,2,20,5.05159,0,1,0,0,Low
4,1,1,1,2,1,52.390,4.882,2,1,1.66806,0,1,0,0,Low
4,2,2,1,2,1,52.357,4.898,2,21,2.46414,0,1,0,0,Mid-High
6,1,4,1,1,1,52.351,4.846,1,0,4.76621,0,1,0,0,Mid-High
2,1,1,31,1,34,52.356,4.899,2,8,2.56956,1,1,0,0,Low
2,1,1,15,1,16,52.378,4.883,2,0,1.14228,1,1,0,0,Low
4,1,1,1,2,1,52.369,4.942,25,4,3.09938,0,1,0,0,Low
2,1,1,1,1,1,52.356,4.897,3,30,2.62260,1,1,0,0,Low
3,1,2,1,2,1,52.382,4.854,3,4,3.09174,0,1,0,0,Low
4,3,2,8,1,10,52.374,4.904,7,0,0.68543,0,1,0,0,Mid-High
4,1,3,1,1,2,52.374,4.948,2,16,3.36319,0,1,0,0,Mid-High
2,1,1,1,1,1,52.376,4.893,1,12,0.56726,0,0,1,0,Low
2,2,1,1,2,1,52.379,4.885,3,391,0.98365,0,0,1,0,Low
2,1,2,1,1,1,52.398,4.942,2,0,3.56677,0,1,0,0,Low
2,1,1,1,1,1,52.380,4.853,2,2,3.13597,0,1,0,0,Low
2,1,0,1,1,1,52.380,4.880,3,124,1.31068,0,0,1,0,Low
3,1,1,1,2,1,52.357,4.917,3,6,2.73337,0,1,0,0,Low
2,1,1,1,2,1,52.365,4.928,2,70,2.51844,0,0,1,0,Low
2,1,1,1,2,1,52.382,4.848,2,26,3.52516,0,1,0,0,Low
4,1,2,1,1,1,52.378,4.876,2,27,1.56338,0,1,0,0,Mid-High
6,1,2,2,5,2,52.362,4.840,2,1,4.45922,0,1,0,0,Mid-High
4,1,2,2,2,2,52.373,4.898,3,21,0.73893,0,1,0,0,Highest
5,2,4,1,2,1,52.369,4.868,1,12,2.43642,0,1,0,0,Mid-High
4,3,3,1,1,1,52.366,4.877,4,1,2.15740,0,1,0,0,Mid-High
6,1,3,1,4,1,52.405,4.903,2,27,2.88993,0,1,0,0,Mid-High
2,1,1,1,1,1,52.370,4.859,2,0,2.93459,1,1,0,0,Mid-High
16,2,3,5,8,5,52.394,4.910,2,82,1.83998,1,1,0,0,Highest
7,2,4,1,1,1,52.370,4.872,2,20,2.12945,0,1,0,0,Mid-High
4,2,2,1,1,1,52.378,4.891,1,95,0.54999,0,0,1,0,Mid-High
4,1,3,1,2,1,52.347,4.892,2,0,3.55326,0,1,0,0,Mid-High
6,3,4,5,6,5,52.376,4.940,7,34,2.76258,1,1,0,0,Highest
4,2,2,7,1,9,52.372,4.900,3,0,0.77687,1,1,0,0,Mid-High
6,1,3,1,1,1,52.357,4.887,1,3,2.61968,0,1,0,0,Mid-High
5,2,2,1,4,1,52.369,4.889,3,31,1.28412,0,1,0,0,Mid-High
4,1,2,1,4,3,52.371,4.884,2,0,1.42298,0,1,0,0,Mid-High
4,2,2,1,1,1,52.369,4.891,3,0,1.30490,0,1,0,0,Highest
4,1,3,1,4,1,52.354,4.900,2,55,2.79575,1,1,0,0,Mid-High
5,2,2,3,4,3,52.364,4.874,8,6,2.41582,0,1,0,0,Highest
5,2,3,2,1,2,52.382,4.888,2,19,0.80980,0,1,0,0,Mid-High
2,1,2,1,2,1,52.354,4.901,2,114,2.84715,0,0,1,0,Mid-High
6,1,3,8,1,8,52.373,4.899,3,1,0.69559,0,1,0,0,Highest
6,1,3,1,3,1,52.374,4.898,2,1,0.60824,1,1,0,0,Mid-High
4,1,2,1,1,1,52.376,4.893,3,15,0.52373,0,1,0,0,Mid-High
4,2,3,2,1,2,52.374,4.888,2,0,0.98460,1,1,0,0,Highest
4,2,3,1,2,1,52.357,4.873,2,0,3.03321,0,1,0,0,Highest
4,1,2,4,4,4,52.364,4.887,2,14,1.93882,0,1,0,0,Highest
6,3,3,4,1,4,52.386,4.909,3,0,0.96733,1,1,0,0,Mid-High
5,2,4,1,1,2,52.379,4.894,2,28,0.39603,0,1,0,0,Highest
4,1,2,1,1,1,52.373,4.886,2,1,1.14715,0,1,0,0,Mid-High
5,1,2,1,1,1,52.352,4.899,2,10,3.03657,0,1,0,0,Mid-High
4,2,3,1,4,1,52.367,4.881,3,22,1.84321,0,1,0,0,Mid-High
4,1,2,91,1,103,52.374,4.880,2,0,1.45168,1,1,0,0,Mid-High
4,1,2,2,1,2,52.349,4.869,2,0,3.92069,0,1,0,0,Mid-High
4,1,2,1,1,1,52.366,4.853,2,40,3.48270,0,1,0,0,Mid-High
2,1,1,4,1,4,52.371,4.901,1,1,0.86594,1,0,1,0,Mid-High
4,3,3,1,4,1,52.385,4.887,7,0,1.10998,0,1,0,0,Mid-High
4,1,2,1,1,1,52.379,4.894,1,7,0.37817,0,1,0,0,Mid-High
4,2,2,3,4,3,52.372,4.871,4,67,2.11082,0,1,0,0,Mid-High
4,2,1,1,1,1,52.364,4.938,3,2,3.08356,0,1,0,0,Mid-High
6,1,3,1,1,1,52.352,4.920,2,1,3.34424,0,1,0,0,Mid-High
6,2,2,1,1,2,52.377,4.945,3,61,3.08327,0,1,0,0,Mid-High
4,1,2,1,2,1,52.365,4.896,3,1,1.61437,0,1,0,0,Mid-High
4,2,2,3,1,3,52.370,4.897,2,31,1.01835,0,1,0,0,Mid-High
4,2,4,1,4,1,52.392,4.931,3,5,2.56572,0,1,0,0,Mid-High
4,2,2,1,2,1,52.379,4.885,2,20,1.00069,0,1,0,0,Mid-High
4,1,2,1,3,1,52.373,4.892,2,3,0.82417,1,1,0,0,Mid-High
5,1,3,1,1,1,52.372,4.950,5,0,3.50023,0,1,0,0,Mid-High
6,1,4,2,4,2,52.332,4.904,2,13,5.27331,0,1,0,0,Mid-High
4,2,2,3,2,3,52.374,4.880,3,3,1.43835,0,1,0,0,Mid-High
4,2,2,1,1,2,52.362,4.902,3,0,1.91001,0,1,0,0,Highest
4,3,2,1,1,1,52.376,4.878,2,7,1.48001,0,1,0,0,Mid-High
4,1,2,1,2,1,52.346,4.898,1,8,3.70980,0,1,0,0,Mid-High
4,2,2,1,1,1,52.348,4.887,5,0,3.53519,0,1,0,0,Mid-High
4,2,2,5,1,5,52.351,4.910,5,17,3.25497,1,1,0,0,Highest
5,2,4,1,1,1,52.346,4.888,1,0,3.76710,0,1,0,0,Mid-High
6,1,3,8,1,8,52.374,4.899,3,4,0.62550,0,1,0,0,Highest
5,1,4,1,1,1,52.350,4.876,6,0,3.66096,0,1,0,0,Mid-High
4,2,4,1,8,1,52.374,4.936,3,4,2.54107,0,1,0,0,Mid-High
6,1,2,1,2,1,52.363,4.941,1,55,3.38062,0,1,0,0,Mid-High
4,1,2,1,1,1,52.355,4.891,2,2,2.80190,0,1,0,0,Mid-High
4,1,2,1,4,1,52.373,4.873,1,14,1.89515,0,1,0,0,Mid-High
6,1,4,1,3,1,52.351,4.831,3,6,5.62757,0,1,0,0,Mid-High
4,2,3,1,1,1,52.374,4.891,2,8,0.82887,0,1,0,0,Mid-High
4,1,2,7,1,9,52.374,4.900,3,0,0.59115,0,1,0,0,Mid-High
6,2,3,1,1,1,52.345,4.871,7,0,4.23960,0,1,0,0,Mid-High
4,1,3,1,1,1,52.360,4.899,1,0,2.17751,1,1,0,0,Mid-High
8,4,6,38,4,43,52.381,4.891,7,2,0.56932,0,1,0,0,Highest
2,2,1,1,1,1,52.348,4.853,2,1,4.65281,0,1,0,0,Mid-High
4,1,3,1,4,1,52.375,4.883,5,12,1.22557,0,1,0,0,Mid-High
4,1,2,2,4,2,52.369,4.886,7,1,1.47588,0,1,0,0,Mid-High
4,3,2,91,1,103,52.368,4.892,2,5,1.32543,1,1,0,0,Highest
5,1,3,1,4,1,52.355,4.874,3,0,3.22929,0,1,0,0,Highest
4,1,1,91,1,103,52.357,4.853,2,0,3.96360,1,1,0,0,Highest
2,1,1,1,1,1,52.375,4.892,1,2,0.70266,0,1,0,0,Highest
3,2,1,1,1,1,52.369,4.929,3,0,2.32541,0,1,0,0,Mid-High
4,1,1,2,2,2,52.344,4.865,2,3,4.53978,0,1,0,0,Mid-High
4,1,2,25,16,27,52.378,4.880,2,3,1.33348,1,1,0,0,Mid-High
5,1,2,1,2,1,52.372,4.889,2,0,1.04595,0,1,0,0,Mid-High
4,2,2,1,1,1,52.369,4.893,2,1,1.18928,0,1,0,0,Highest
4,2,2,1,2,1,52.356,4.889,3,9,2.65366,0,1,0,0,Mid-High
8,3,4,25,4,27,52.357,4.873,2,9,3.03540,1,1,0,0,Highest
4,2,2,1,2,1,52.371,4.882,3,12,1.48346,0,1,0,0,Mid-High
6,3,4,1,6,1,52.368,4.868,3,13,2.50716,0,1,0,0,Mid-High
8,2,4,1,4,1,52.348,5.001,2,10,7.73100,0,1,0,0,Mid-High
4,1,1,1,4,1,52.374,4.899,2,45,0.57117,0,1,0,0,Mid-High
4,1,3,10,1,10,52.358,4.902,2,34,2.40360,0,1,0,0,Mid-High
6,1,2,3,4,3,52.377,4.880,2,16,1.36094,1,1,0,0,Highest
8,1,4,1,1,1,52.375,4.864,4,5,2.48551,0,1,0,0,Mid-High
4,2,2,1,2,1,52.374,4.881,3,6,1.40112,0,1,0,0,Highest
4,2,3,1,1,1,52.375,4.893,3,0,0.61735,0,1,0,0,Highest
4,2,5,1,2,1,52.372,4.948,2,0,3.38431,1,1,0,0,Highest
4,1,2,1,2,1,52.376,4.874,2,0,1.79837,0,1,0,0,Mid-High
4,1,2,1,1,1,52.364,4.917,3,1,2.03256,0,1,0,0,Mid-High
4,2,3,25,4,27,52.355,4.855,2,8,4.06866,1,1,0,0,Mid-High
6,2,3,1,1,1,52.345,4.895,2,0,3.76884,0,1,0,0,Mid-High
4,1,3,2,4,2,52.373,4.947,4,3,3.30968,0,1,0,0,Mid-High
6,2,4,1,4,1,52.353,4.880,3,3,3.19166,0,1,0,0,Mid-High
4,2,2,1,1,1,52.385,4.869,3,6,2.14865,1,1,0,0,Highest
4,1,2,3,1,3,52.364,4.904,2,20,1.66251,0,1,0,0,Mid-High
12,2,4,1,6,1,52.394,4.911,2,8,1.81618,1,1,0,0,Mid-High
4,1,3,1,1,1,52.349,4.897,3,12,3.38047,0,1,0,0,Mid-High
10,3,5,1,6,1,52.379,4.885,3,31,0.99574,0,1,0,0,Highest
8,3,3,2,1,2,52.357,4.991,2,1,6.70647,0,1,0,0,Mid-High
4,2,4,1,4,2,52.369,4.879,4,6,1.76532,0,1,0,0,Mid-High
4,1,2,1,4,1,52.351,4.900,1,16,3.11851,0,1,0,0,Mid-High
4,2,4,5,4,7,52.362,4.892,3,25,1.92954,0,1,0,0,Mid-High
4,1,2,1,1,1,52.377,4.897,2,3,0.27785,1,1,0,0,Mid-High
4,2,2,1,1,1,52.388,4.890,3,0,1.18531,0,1,0,0,Mid-High
4,1,3,1,4,1,52.350,4.891,2,33,3.32592,0,1,0,0,Highest
4,1,2,1,1,1,52.385,4.889,2,0,1.01343,0,1,0,0,Highest
4,2,2,1,1,1,52.370,4.881,3,20,1.64294,0,1,0,0,Mid-High
4,1,3,2,1,2,52.373,4.872,5,5,1.98634,0,1,0,0,Mid-High
4,3,2,1,1,1,52.355,4.897,2,22,2.72324,0,1,0,0,Mid-High
4,1,2,1,2,1,52.360,4.896,2,0,2.16527,0,1,0,0,Mid-High
1,1,1,1,1,1,52.351,4.888,1,0,3.18795,0,0,1,0,Mid-High
4,1,2,1,1,1,52.381,4.887,3,12,0.84312,0,1,0,0,Mid-High
4,1,1,1,1,1,52.352,4.891,5,0,3.04088,1,1,0,0,Mid-High
4,1,3,2,1,2,52.366,4.837,1,1,4.47446,0,1,0,0,Mid-High
6,2,4,1,1,1,52.341,4.850,2,5,5.42156,0,1,0,0,Mid-High
4,2,2,2,1,2,52.373,4.897,2,7,0.73949,0,1,0,0,Highest
2,1,1,4,1,4,52.401,4.896,1,5,2.38254,1,1,0,0,Mid-High
7,2,5,1,1,1,52.338,4.848,1,4,5.70931,0,1,0,0,Mid-High
6,1,3,1,1,1,52.344,4.951,3,9,5.24379,0,1,0,0,Mid-High
5,2,4,1,4,1,52.360,4.901,3,14,2.08989,0,1,0,0,Highest
4,1,1,8,2,8,52.374,4.899,3,1,0.59929,0,1,0,0,Mid-High
6,3,3,1,1,1,52.371,4.942,5,0,3.03640,0,1,0,0,Mid-High
4,2,3,1,4,2,52.372,4.859,4,24,2.86510,0,1,0,0,Mid-High
4,3,3,2,1,2,52.368,4.886,2,25,1.50243,1,1,0,0,Highest
4,1,2,91,1,103,52.378,4.881,2,6,1.23607,1,1,0,0,Mid-High
3,1,1,1,2,1,52.375,4.881,2,26,1.36062,0,1,0,0,Mid-High
2,2,1,2,1,3,52.360,4.880,2,19,2.49284,0,1,0,0,Mid-High
6,1,2,1,5,1,52.357,4.840,2,0,4.71418,0,1,0,0,Mid-High
6,1,3,1,2,1,52.350,4.942,2,11,4.36012,0,1,0,0,Highest
8,2,4,2,6,2,52.305,4.953,2,7,9.00713,0,1,0,0,Highest
6,2,3,18,1,25,52.372,4.882,7,0,1.43615,0,1,0,0,Mid-High
5,1,2,1,1,1,52.390,4.940,2,0,2.98217,0,1,0,0,Mid-High
5,1,3,1,4,1,52.351,4.879,2,16,3.38446,0,1,0,0,Mid-High
5,2,2,91,1,103,52.376,4.944,2,1,3.07515,1,1,0,0,Mid-High
10,4,4,1,7,1,52.372,4.911,2,0,1.09390,1,1,0,0,Mid-High
8,1,4,1,1,1,52.347,5.002,3,1,7.86269,0,0,1,0,Mid-High
4,1,2,1,4,1,52.368,4.879,2,6,1.83397,1,1,0,0,Mid-High
6,2,4,1,6,1,52.330,4.858,7,0,6.15834,0,1,0,0,Highest
4,1,2,50,1,106,52.381,4.882,3,6,1.17009,0,1,0,0,Mid-High
6,1,2,1,1,1,52.363,4.838,2,1,4.52763,1,1,0,0,Mid-High
6,2,3,1,6,2,52.371,4.931,2,19,2.31818,0,1,0,0,Mid-High
6,2,2,1,4,1,52.375,4.943,3,30,2.99140,0,0,1,0,Mid-High
5,2,4,1,4,1,52.374,4.873,1,39,1.90898,0,1,0,0,Mid-High
4,3,3,1,4,1,52.351,4.910,7,1,3.24280,1,1,0,0,Highest
3,1,0,91,2,103,52.362,4.887,2,0,2.09712,1,1,0,0,Highest
4,2,2,1,1,1,52.369,4.877,2,0,1.87332,0,1,0,0,Highest
4,1,2,1,1,1,52.373,4.897,1,6,0.73338,0,1,0,0,Mid-High
5,1,3,1,1,1,52.393,4.938,3,0,2.99585,0,1,0,0,Mid-High
4,1,3,1,1,1,52.344,4.895,4,27,3.96287,0,1,0,0,Mid-High
4,2,3,1,1,1,52.352,4.911,2,1,3.08187,0,1,0,0,Mid-High
4,1,2,1,2,1,52.384,4.877,3,95,1.57766,1,1,0,0,Mid-High
4,1,3,1,2,1,52.377,4.860,2,40,2.69055,0,1,0,0,Mid-High
4,2,3,1,1,1,52.360,4.861,3,0,3.38251,0,1,0,0,Mid-High
4,2,2,3,4,3,52.368,4.884,2,3,1.62451,0,1,0,0,Highest
8,2,4,2,4,2,52.363,4.878,2,25,2.33488,0,1,0,0,Highest
5,1,2,2,5,2,52.373,4.882,2,7,1.41250,0,1,0,0,Mid-High
4,1,2,1,1,1,52.369,4.902,3,15,1.14323,0,1,0,0,Mid-High
6,2,4,2,4,2,52.357,4.856,4,0,3.86488,0,1,0,0,Highest
4,1,1,1,2,1,52.374,4.880,3,11,1.46613,0,1,0,0,Mid-High
4,1,2,1,1,1,52.341,4.853,2,1,5.24627,0,1,0,0,Mid-High
4,1,2,1,4,1,52.361,4.898,2,66,2.03113,0,1,0,0,Mid-High
6,2,2,1,1,1,52.353,4.894,3,0,2.92996,0,1,0,0,Mid-High
4,1,2,1,4,1,52.379,4.876,1,51,1.60322,0,1,0,0,Mid-High
4,2,1,2,1,2,52.368,4.909,3,4,1.46489,1,0,1,0,Mid-High
3,2,1,1,1,1,52.372,4.887,2,0,1.17086,0,1,0,0,Mid-High
5,2,3,1,4,1,52.360,4.863,1,17,3.29012,0,1,0,0,Highest
4,1,2,1,1,1,52.361,4.905,3,0,2.03564,0,1,0,0,Mid-High
6,2,4,1,6,1,52.360,4.980,1,4,5.87634,0,1,0,0,Mid-High
4,1,2,2,1,2,52.355,4.891,2,10,2.69743,0,1,0,0,Mid-High
2,1,4,1,1,1,52.355,4.880,5,0,3.00364,1,1,0,0,Mid-High
6,1,3,1,6,1,52.346,4.865,2,27,4.35031,0,1,0,0,Mid-High
4,1,2,3,1,3,52.363,4.886,2,0,2.06490,0,0,1,0,Mid-High
4,1,2,2,1,2,52.382,4.881,2,13,1.30432,0,1,0,0,Mid-High
4,1,2,91,1,103,52.374,4.898,2,1,0.53060,1,1,0,0,Highest
4,1,2,1,2,1,52.352,4.910,2,30,3.08455,0,1,0,0,Mid-High
7,2,2,2,2,2,52.374,4.894,2,0,0.65921,0,1,0,0,Mid-High
6,2,4,3,4,3,52.380,4.869,3,4,2.07177,0,1,0,0,Mid-High
6,2,3,2,1,2,52.362,4.874,7,31,2.54035,0,1,0,0,Mid-High
2,1,1,1,1,1,52.372,4.879,3,19,1.59435,0,1,0,0,Mid-High
4,3,2,2,1,2,52.366,4.896,2,1,1.46287,0,1,0,0,Mid-High
4,2,3,1,1,1,52.363,4.873,1,2,2.56330,0,1,0,0,Highest
4,1,2,1,1,1,52.359,4.852,3,2,3.94876,0,1,0,0,Mid-High
2,1,1,1,1,1,52.361,4.866,2,0,3.05602,0,1,0,0,Mid-High
6,1,3,4,1,4,52.371,4.913,3,47,1.30658,0,0,1,0,Mid-High
4,1,2,1,1,1,52.365,4.876,5,0,2.21584,0,1,0,0,Mid-High
6,2,3,1,1,1,52.383,4.890,2,2,0.75977,1,1,0,0,Highest
8,2,4,1,1,1,52.372,4.951,2,33,3.56957,0,1,0,0,Mid-High
4,2,4,1,5,1,52.343,4.903,3,5,4.04519,0,1,0,0,Highest
6,1,2,2,4,2,52.374,4.879,1,3,1.49032,0,1,0,0,Mid-High
4,1,2,1,1,1,52.352,4.892,2,3,3.04784,0,1,0,0,Highest
6,1,3,1,1,1,52.352,4.907,4,3,3.04950,0,1,0,0,Mid-High
4,4,2,1,1,1,52.372,4.884,2,23,1.32723,0,1,0,0,Highest
6,1,4,1,1,1,52.375,4.881,2,65,1.34098,1,1,0,0,Mid-High
4,2,1,20,2,24,52.393,4.872,3,3,2.41217,0,1,0,0,Mid-High
4,2,2,91,1,103,52.353,4.849,2,0,4.50255,1,1,0,0,Highest
6,1,3,1,4,1,52.371,4.894,2,19,1.03020,1,1,0,0,Highest
8,2,4,1,1,1,52.348,4.900,1,1,3.51166,0,1,0,0,Highest
16,2,0,1,10,6,52.426,4.959,2,0,6.61774,1,1,0,0,Highest
10,1,1,1,8,1,52.394,4.909,3,6,1.80572,0,1,0,0,Highest
4,2,3,1,3,1,52.366,4.894,3,19,1.48829,0,1,0,0,Highest
4,2,2,1,1,1,52.377,4.876,2,0,1.58195,0,1,0,0,Highest
6,2,3,3,6,3,52.369,4.864,3,6,2.61697,0,1,0,0,Highest
4,2,2,1,2,1,52.356,4.898,3,1,2.52793,1,1,0,0,Highest
6,2,2,3,4,3,52.362,4.886,2,2,2.07316,0,1,0,0,Highest
12,2,5,1,8,1,52.354,4.875,2,80,3.29330,0,1,0,0,Highest
12,1,0,1,1,1,52.355,5.007,2,12,7.77383,0,1,0,0,Highest
5,2,4,1,1,1,52.386,4.895,5,1,0.76907,0,1,0,0,Highest
8,2,3,1,6,1,52.372,4.950,2,0,3.54628,0,1,0,0,Highest
5,2,4,1,4,1,52.364,4.883,2,16,1.98375,0,1,0,0,Highest
4,1,2,2,1,2,52.366,4.902,3,22,1.52539,0,1,0,0,Highest
8,1,3,1,2,2,52.358,4.903,2,27,2.34536,0,1,0,0,Highest
4,2,2,1,1,1,52.376,4.893,2,18,0.55098,0,1,0,0,Highest
4,2,4,1,4,1,52.363,4.888,3,0,1.99894,1,1,0,0,Highest
4,1,4,1,1,1,52.354,4.890,2,15,2.82587,0,1,0,0,Highest
3,1,2,1,1,1,52.369,4.873,2,17,2.10065,0,1,0,0,Highest
4,2,3,2,1,2,52.374,4.879,3,0,1.52119,0,1,0,0,Highest
8,2,4,1,1,1,52.369,4.859,2,22,2.97407,0,1,0,0,Highest
6,2,4,1,6,1,52.389,4.940,6,6,2.97183,0,1,0,0,Highest
4,2,2,91,1,103,52.365,4.897,2,2,1.62391,1,1,0,0,Highest
4,1,2,1,1,1,52.363,4.899,3,0,1.75697,0,1,0,0,Highest
5,2,3,1,1,1,52.379,4.874,7,0,1.70939,1,1,0,0,Highest
6,1,3,1,4,1,52.353,4.862,2,2,3.84066,0,1,0,0,Highest
2,1,1,91,1,103,52.383,4.873,2,0,1.83293,1,1,0,0,Highest
5,2,3,1,5,2,52.366,4.922,3,9,2.11235,0,1,0,0,Highest
2,1,1,1,1,1,52.371,4.881,2,2,1.53965,0,1,0,0,Highest
4,1,2,8,1,9,52.371,4.884,3,8,1.42693,0,1,0,0,Highest
4,2,4,1,2,1,52.365,4.876,3,0,2.22538,1,1,0,0,Highest
6,2,4,1,1,1,52.343,4.909,2,1,4.06515,0,1,0,0,Highest
8,2,4,2,5,2,52.367,4.871,4,4,2.33208,0,1,0,0,Highest
6,2,4,1,1,1,52.355,4.881,3,8,2.96503,0,1,0,0,Highest
4,3,6,1,1,1,52.364,4.886,7,28,1.94577,1,0,1,0,Highest
16,3,7,1,15,3,52.393,4.882,2,31,1.92857,0,1,0,0,Highest
16,2,6,1,1,1,52.403,4.893,2,31,2.67830,0,1,0,0,Highest
4,1,2,91,1,103,52.383,4.854,2,1,3.07893,1,1,0,0,Highest
4,1,2,1,1,1,52.374,4.900,1,2,0.52485,0,1,0,0,Highest
4,2,2,1,2,1,52.375,4.884,1,10,1.14855,0,1,0,0,Highest
16,8,10,3,12,3,52.400,4.893,1,2,2.35286,0,1,0,0,Highest
4,1,3,1,4,1,52.388,4.929,3,16,2.26072,0,1,0,0,Highest
6,1,2,3,4,3,52.375,4.881,2,7,1.30852,1,1,0,0,Highest
6,1,3,1,1,1,52.350,4.891,3,19,3.33184,0,1,0,0,Highest
4,2,2,3,2,3,52.371,4.884,3,2,1.36353,1,1,0,0,Highest
8,2,4,1,4,1,52.372,4.872,2,11,2.03832,0,1,0,0,Highest
6,3,3,2,1,2,52.363,4.858,2,1,3.32298,0,1,0,0,Highest
5,1,2,1,4,1,52.379,4.879,2,47,1.35720,0,1,0,0,Highest
6,1,3,8,1,8,52.372,4.899,3,3,0.76444,0,1,0,0,Highest
6,1,3,1,1,1,52.365,4.876,3,1,2.20298,0,1,0,0,Highest
4,1,1,3,2,3,52.369,4.898,4,0,1.10351,0,1,0,0,Highest
6,2,4,1,1,1,52.358,4.903,7,1,2.32180,0,1,0,0,Highest
16,8,10,3,12,3,52.399,4.895,1,9,2.26554,0,1,0,0,Highest
4,3,2,91,1,103,52.355,4.938,2,3,3.76324,1,1,0,0,Highest
4,1,3,1,4,1,52.376,4.880,2,43,1.34093,0,1,0,0,Highest
4,1,2,1,3,1,52.364,4.894,3,22,1.75097,0,1,0,0,Highest
4,2,4,1,1,1,52.382,4.884,3,11,1.10663,0,1,0,0,Highest
4,1,1,1,2,1,52.364,4.905,2,0,1.67643,0,1,0,0,Medium
2,1,1,1,1,1,52.372,4.864,2,8,2.54608,0,1,0,0,Medium
4,1,2,1,2,1,52.376,4.892,3,1,0.60384,1,1,0,0,Medium
2,1,1,1,1,1,52.349,4.861,3,1,4.21292,1,1,0,0,Medium
4,1,3,1,1,1,52.363,4.868,4,3,2.80499,0,1,0,0,Medium
2,1,1,1,1,1,52.364,4.855,2,4,3.45446,0,1,0,0,Medium
4,1,2,1,1,1,52.388,4.880,5,7,1.64768,0,1,0,0,Medium
4,1,2,1,1,1,52.354,4.898,2,3,2.81507,0,1,0,0,Medium
2,1,1,1,1,1,52.361,4.856,2,12,3.55081,0,1,0,0,Medium
4,1,2,1,2,1,52.353,4.897,2,7,2.86479,0,1,0,0,Medium
4,1,0,1,4,1,52.374,4.888,2,5,1.00363,0,1,0,0,Medium
4,1,2,1,4,1,52.389,4.908,1,8,1.26535,0,1,0,0,Medium
4,3,3,2,1,2,52.352,4.896,2,23,3.08415,0,1,0,0,Medium
4,1,3,1,1,1,52.362,4.858,4,4,3.41301,0,1,0,0,Medium
4,1,2,1,4,1,52.376,4.875,1,0,1.72093,0,1,0,0,Medium
4,1,2,2,1,2,52.351,4.781,1,1,8.63878,0,1,0,0,Medium
2,1,1,1,1,1,52.363,4.863,1,17,3.05653,0,1,0,0,Medium
2,1,1,1,1,1,52.356,4.932,2,9,3.36459,0,1,0,0,Medium
2,1,1,1,2,1,52.350,4.888,3,7,3.30366,0,1,0,0,Medium
4,1,2,1,2,1,52.370,4.923,4,14,1.91154,0,1,0,0,Medium
4,1,2,9,2,10,52.366,4.885,3,26,1.78240,0,1,0,0,Medium
2,1,1,1,1,1,52.370,4.866,3,14,2.46163,0,1,0,0,Medium
5,1,2,1,1,1,52.377,4.908,2,2,0.65240,0,1,0,0,Medium
3,1,1,2,2,3,52.377,4.897,2,1,0.26255,0,1,0,0,Medium
3,1,2,1,1,1,52.382,4.883,3,0,1.15919,0,1,0,0,Medium
2,1,1,4,1,5,52.353,4.875,4,5,3.35207,0,0,1,0,Medium
2,1,1,1,1,3,52.377,4.877,3,7,1.54792,0,1,0,0,Medium
2,1,1,1,1,1,52.361,4.859,2,1,3.45788,0,1,0,0,Medium
3,1,2,1,1,1,52.364,4.868,2,10,2.70902,1,1,0,0,Medium
2,1,1,1,1,1,52.364,4.907,2,36,1.73452,0,0,1,0,Medium
4,2,2,1,2,1,52.371,4.907,3,37,1.03000,0,1,0,0,Medium
5,1,2,1,4,1,52.374,4.858,10,3,2.87747,0,1,0,0,Medium
2,1,1,1,1,1,52.359,4.866,3,47,3.18967,1,1,0,0,Medium
4,1,3,1,1,1,52.381,4.853,4,2,3.15583,0,1,0,0,Medium
2,1,1,1,1,0,52.356,4.921,2,1,2.92929,0,1,0,0,Medium
4,1,2,1,2,1,52.377,4.856,2,5,2.98822,0,1,0,0,Medium
2,1,1,1,1,1,52.364,4.889,2,8,1.79154,0,1,0,0,Medium
3,1,1,1,1,1,52.368,4.872,21,0,2.19622,0,1,0,0,Medium
2,1,1,1,1,1,52.371,4.887,2,8,1.26409,0,1,0,0,Medium
4,1,2,1,2,1,52.360,4.861,2,18,3.38200,0,1,0,0,Medium
2,1,1,1,2,1,52.354,4.940,3,1,3.93110,0,0,1,0,Medium
4,2,3,2,4,2,52.364,4.934,2,5,2.89092,0,1,0,0,Medium
4,1,1,9,2,11,52.357,4.899,7,7,2.50823,1,1,0,0,Medium
2,1,1,1,1,1,52.352,4.918,3,2,3.27964,0,1,0,0,Medium
2,1,1,1,2,1,52.374,4.860,2,4,2.75750,0,1,0,0,Medium
2,1,1,2,1,3,52.356,4.879,1,2,2.95307,0,0,1,0,Medium
2,1,1,1,1,1,52.375,4.891,2,10,0.72817,0,1,0,0,Medium
4,1,3,1,2,1,52.355,4.900,3,10,2.63960,0,1,0,0,Medium
4,1,2,1,2,1,52.363,4.877,2,10,2.35736,0,1,0,0,Medium
4,1,2,2,2,2,52.355,4.897,3,10,2.64413,0,1,0,0,Medium
4,2,2,25,1,25,52.365,4.889,2,6,1.74212,1,1,0,0,Medium
4,1,1,1,2,1,52.380,4.875,8,9,1.66271,0,1,0,0,Medium
2,1,1,1,2,1,52.342,4.907,2,2,4.20867,0,1,0,0,Medium
2,1,1,2,2,2,52.369,4.887,4,40,1.41215,0,0,1,0,Medium
2,1,1,1,1,1,52.361,4.863,2,69,3.18837,1,1,0,0,Medium
4,1,0,1,2,1,52.353,4.895,1,0,2.95495,1,1,0,0,Medium
4,1,1,1,2,1,52.343,4.913,2,2,4.17067,0,1,0,0,Medium
2,2,1,1,1,1,52.357,4.895,3,6,2.43849,0,1,0,0,Medium
3,1,2,2,1,2,52.384,4.851,3,0,3.30275,0,1,0,0,Medium
4,2,2,1,2,1,52.352,4.902,2,9,2.97282,0,1,0,0,Medium
4,1,2,1,3,1,52.353,4.856,3,10,4.17102,0,1,0,0,Medium
4,1,2,2,2,2,52.367,4.901,1,331,1.36573,0,1,0,0,Medium
6,2,3,1,1,1,52.344,4.780,3,0,9.02306,0,1,0,0,Medium
2,1,1,2,1,2,52.366,4.906,3,17,1.48924,0,0,1,0,Medium
4,1,2,1,2,1,52.370,4.861,2,10,2.81840,0,1,0,0,Medium
3,1,2,1,2,1,52.384,4.877,3,5,1.59371,0,1,0,0,Medium
2,1,1,1,1,1,52.362,4.863,4,0,3.10396,0,1,0,0,Medium
4,2,1,1,1,1,52.369,4.868,3,0,2.40062,0,1,0,0,Medium
2,1,1,1,1,1,52.358,4.905,4,15,2.35680,0,1,0,0,Medium
2,1,1,1,1,1,52.370,4.863,3,19,2.69920,0,1,0,0,Medium
2,1,1,1,1,1,52.363,4.938,2,5,3.16842,0,1,0,0,Medium
2,1,1,1,1,1,52.342,4.912,2,9,4.18445,0,1,0,0,Medium
5,1,3,1,5,1,52.341,4.917,3,1,4.40634,0,1,0,0,Medium
2,2,0,2,1,3,52.361,4.893,3,14,2.11119,0,1,0,0,Medium
2,1,1,1,1,1,52.370,4.860,17,8,2.83023,0,1,0,0,Medium
4,1,2,1,2,1,52.356,4.853,2,1,4.07267,0,1,0,0,Medium
5,1,2,2,1,2,52.367,4.885,4,0,1.66557,0,1,0,0,Medium
4,1,1,5,1,5,52.361,4.888,2,86,2.13399,0,1,0,0,Medium
4,1,2,1,3,1,52.356,4.902,3,13,2.58577,0,1,0,0,Medium
4,1,2,4,2,4,52.365,4.883,7,8,1.88793,1,0,1,0,Medium
3,1,1,1,2,1,52.361,4.857,2,0,3.54696,0,1,0,0,Medium
2,1,1,1,1,1,52.381,4.869,4,4,2.09361,0,1,0,0,Medium
2,1,0,1,2,1,52.375,4.879,2,60,1.43532,0,0,1,0,Medium
2,1,1,1,1,1,52.378,4.853,1,9,3.17149,0,0,1,0,Medium
5,2,4,1,1,1,52.397,4.905,2,0,2.03983,0,1,0,0,Highest
6,1,3,1,4,1,52.421,4.906,7,2,4.66429,0,1,0,0,Medium
6,1,2,1,2,1,52.412,4.907,1,31,3.71755,0,1,0,0,Medium
4,2,2,1,2,1,52.383,4.966,7,3,4.53369,0,1,0,0,Medium
2,1,1,1,2,1,52.383,4.875,3,205,1.69224,1,1,0,0,Medium
2,1,1,1,1,1,52.339,4.910,2,12,4.54474,1,1,0,0,Medium
2,1,1,1,1,1,52.370,4.876,1,11,1.86368,0,1,0,0,Medium
4,1,3,10,2,10,52.358,4.903,3,4,2.34315,0,1,0,0,Medium
4,1,1,1,1,1,52.369,4.896,2,24,1.11291,0,1,0,0,Medium
2,1,1,1,1,1,52.358,4.924,4,15,2.85376,0,1,0,0,Medium
5,1,3,1,1,1,52.363,4.935,1,5,3.00888,0,1,0,0,Medium
6,2,3,1,1,1,52.364,4.984,1,0,5.96641,0,1,0,0,Medium
2,1,1,1,1,1,52.361,4.890,2,11,2.07329,0,1,0,0,Medium
5,1,3,1,1,1,52.358,4.992,5,6,6.73754,0,1,0,0,Medium
2,1,1,1,1,1,52.356,4.908,4,1,2.58525,0,1,0,0,Medium
4,1,2,25,1,25,52.362,4.853,2,14,3.66433,1,1,0,0,Medium
2,1,1,1,1,1,52.355,4.900,3,13,2.66558,0,1,0,0,Medium
4,1,1,8,2,16,52.374,4.890,2,4,0.87765,0,0,1,0,Medium
4,1,2,1,2,1,52.372,4.949,2,18,3.47901,0,1,0,0,Medium
4,2,2,1,4,1,52.370,4.938,2,29,2.80403,0,1,0,0,Medium
4,1,0,1,2,1,52.368,4.832,2,0,4.73851,0,1,0,0,Medium
4,1,3,1,2,1,52.391,4.923,2,10,2.09964,0,1,0,0,Medium
3,1,1,1,2,1,52.358,4.856,4,4,3.77818,0,1,0,0,Medium
5,1,2,1,4,1,52.392,4.944,2,152,3.33144,0,0,1,0,Medium
4,1,3,1,1,1,52.405,4.933,5,0,3.71214,0,1,0,0,Medium
2,1,1,1,1,1,52.352,4.902,5,5,3.05686,0,1,0,0,Medium
2,2,1,15,1,15,52.375,4.900,2,17,0.44174,0,0,1,0,Medium
4,1,2,1,2,1,52.352,4.906,4,22,3.00669,0,1,0,0,Medium
4,1,2,2,2,2,52.371,4.869,3,6,2.21274,0,1,0,0,Medium
4,2,2,1,2,1,52.377,4.885,2,28,1.04113,0,1,0,0,Medium
2,1,1,50,1,106,52.363,4.915,3,18,2.12335,0,1,0,0,Medium
2,1,1,1,1,1,52.382,4.869,3,7,2.05744,0,1,0,0,Medium
2,1,1,1,2,1,52.368,4.877,2,29,1.98479,0,1,0,0,Medium
4,1,3,1,4,1,52.388,4.948,4,7,3.46237,0,1,0,0,Medium
2,1,1,1,1,1,52.372,4.871,5,0,2.10401,0,1,0,0,Medium
4,1,4,1,1,1,52.351,4.936,4,7,3.99368,0,1,0,0,Medium
2,1,1,1,2,1,52.376,4.844,1,19,3.76556,0,1,0,0,Medium
2,1,1,1,1,1,52.351,4.902,2,17,3.16387,0,1,0,0,Medium
2,1,1,1,1,1,52.350,4.849,3,26,4.70906,0,1,0,0,Medium
2,1,0,14,1,16,52.367,4.900,3,0,1.39937,1,1,0,0,Medium
4,1,2,1,1,1,52.354,4.893,3,5,2.88031,0,1,0,0,Medium
2,1,1,1,1,1,52.362,4.864,2,1,3.07155,0,1,0,0,Medium
2,1,0,2,2,2,52.350,4.886,3,106,3.31900,1,0,1,0,Medium
3,1,2,1,1,1,52.393,4.873,2,3,2.32363,0,1,0,0,Medium
4,1,1,2,2,2,52.368,4.891,2,22,1.33180,0,1,0,0,Medium
5,1,3,1,1,1,52.363,4.910,10,0,1.98794,0,1,0,0,Medium
2,1,1,1,1,1,52.356,4.902,2,1,2.55274,0,1,0,0,Medium
16,8,10,3,12,3,52.399,4.894,1,6,2.27582,0,1,0,0,Highest
4,1,3,1,2,1,52.392,4.941,3,0,3.18400,0,1,0,0,Medium
4,2,2,1,4,1,52.370,4.929,3,1,2.25809,0,1,0,0,Medium
2,1,1,1,1,1,52.361,4.941,1,1,3.51401,0,1,0,0,Medium
2,1,1,1,1,1,52.357,4.901,2,0,2.45028,0,1,0,0,Medium
2,1,1,1,1,1,52.364,4.896,3,0,1.66822,0,1,0,0,Medium
2,1,1,1,2,1,52.361,4.889,2,7,2.12456,0,1,0,0,Medium
2,1,1,1,1,1,52.361,4.865,2,4,3.10179,0,1,0,0,Medium
2,1,1,1,1,2,52.333,4.871,2,7,5.51799,0,1,0,0,Medium
2,1,1,1,1,1,52.367,4.868,3,12,2.51713,0,1,0,0,Medium
2,1,1,1,1,2,52.353,4.900,3,0,2.92887,0,1,0,0,Medium
3,1,1,1,2,1,52.354,4.848,1,40,4.47407,0,1,0,0,Medium
2,1,1,1,1,1,52.361,4.877,2,8,2.57205,0,1,0,0,Medium
2,2,1,91,1,103,52.377,4.894,2,1,0.41039,1,1,0,0,Highest
8,2,4,1,6,1,52.355,4.881,3,2,2.97067,0,1,0,0,Highest
4,2,2,91,1,103,52.375,4.873,2,1,1.83210,1,1,0,0,Highest
5,1,3,1,1,1,52.373,4.897,1,29,0.69059,0,1,0,0,Highest
4,1,3,1,1,1,52.365,4.875,3,1,2.25531,0,1,0,0,Highest
4,2,4,2,8,3,52.356,4.876,3,0,3.02236,1,1,0,0,Highest
8,3,5,28,4,36,52.359,4.860,2,0,3.46604,0,1,0,0,Highest
6,3,5,1,1,1,52.356,4.870,2,5,3.25170,1,1,0,0,Highest
4,2,3,3,6,3,52.353,4.901,7,7,2.90462,0,1,0,0,Highest
8,1,3,1,1,1,52.358,4.901,1,1,2.34883,0,1,0,0,Highest
4,3,3,1,4,1,52.361,4.890,2,13,2.09310,1,1,0,0,Highest
6,2,3,1,2,1,52.387,4.885,2,18,1.36104,0,1,0,0,Highest
6,1,3,1,1,1,52.362,4.889,2,19,2.07040,0,1,0,0,Highest
6,2,3,1,6,1,52.379,4.890,7,276,0.62438,0,1,0,0,Highest
4,2,2,1,4,1,52.379,4.888,1,7,0.79431,0,1,0,0,Highest
7,1,4,8,6,8,52.374,4.900,3,2,0.52642,0,1,0,0,Highest
4,1,1,91,1,103,52.369,4.877,2,0,1.90203,1,1,0,0,Highest
5,2,3,1,1,1,52.363,4.911,2,9,1.96621,0,1,0,0,Highest
4,1,2,91,1,103,52.373,4.896,2,0,0.75108,1,1,0,0,Highest
3,2,1,91,1,103,52.357,4.887,2,1,2.64897,1,1,0,0,Highest
16,2,8,1,12,1,52.384,4.906,2,15,0.68037,0,1,0,0,Highest
4,1,4,2,6,2,52.390,4.940,3,25,3.00414,0,1,0,0,Highest
4,1,2,1,1,1,52.356,4.940,1,0,3.81373,0,1,0,0,Highest
5,1,2,1,1,1,52.342,4.798,4,1,8.04520,0,1,0,0,Highest
4,3,3,1,3,1,52.362,4.898,3,14,1.89846,0,1,0,0,Highest
4,2,4,2,1,3,52.361,4.893,7,4,2.10159,0,1,0,0,Highest
4,1,2,91,1,103,52.371,4.884,2,0,1.40022,1,1,0,0,Highest
7,1,2,3,1,3,52.321,4.973,2,0,8.13437,1,1,0,0,Highest
5,2,2,1,1,1,52.370,4.884,5,2,1.44513,0,1,0,0,Highest
4,1,1,2,4,2,52.363,4.902,2,10,1.84464,0,1,0,0,Highest
6,2,3,1,4,1,52.367,4.903,2,47,1.35323,0,1,0,0,Highest
5,1,3,1,1,1,52.355,4.866,2,5,3.50280,0,1,0,0,Highest
4,1,2,2,2,2,52.358,4.874,3,15,2.92314,0,0,1,0,Highest
2,1,1,2,1,2,52.375,4.857,3,149,2.89754,0,0,1,0,Low
2,0,1,1,1,1,52.363,4.952,1,87,3.97781,0,0,1,0,Low
2,1,1,1,1,1,52.370,4.855,2,1,3.15326,1,0,1,0,Low
2,1,1,1,1,1,52.363,4.865,1,1,2.95441,0,1,0,0,Low
2,1,1,1,1,1,52.349,5.009,6,6,8.18319,0,0,1,0,Low
1,1,1,1,1,1,52.365,4.936,2,59,2.94544,0,0,1,0,Low
2,1,1,1,2,1,52.391,4.908,14,18,1.48367,0,1,0,0,Low
6,1,4,1,7,1,52.350,4.871,2,7,3.78251,0,1,0,0,Highest
2,1,0,2,1,2,52.356,4.898,3,109,2.62724,1,0,1,0,Medium
2,1,1,4,1,4,52.379,4.895,1,0,0.28158,0,0,1,0,Medium
2,1,1,1,1,1,52.373,4.891,2,9,0.85176,1,0,1,0,Medium
2,1,1,50,1,106,52.383,4.873,2,3,1.83414,0,1,0,0,Medium
4,1,2,1,1,1,52.353,4.889,2,26,2.98156,1,1,0,0,Medium
4,1,1,2,2,2,52.381,4.882,2,9,1.19325,0,1,0,0,Medium
4,2,2,2,2,4,52.369,4.884,3,55,1.50813,0,1,0,0,Medium
3,1,1,1,1,1,52.380,4.925,4,0,1.72236,0,1,0,0,Medium
4,1,1,9,2,9,52.365,4.900,7,11,1.61444,0,0,1,0,Medium
3,1,1,1,2,1,52.396,4.881,2,132,2.25740,1,0,1,0,Medium
5,2,2,1,4,1,52.369,4.944,2,1,3.21859,0,1,0,0,Medium
5,2,3,1,5,1,52.332,4.873,2,6,5.53504,0,1,0,0,Medium
5,2,3,2,1,2,52.307,4.955,2,0,8.82810,1,0,1,0,Medium
2,2,1,1,2,1,52.359,4.897,3,45,2.26134,0,1,0,0,Medium
2,1,1,1,1,1,52.352,4.853,3,9,4.40510,0,1,0,0,Medium
2,1,1,1,1,1,52.361,4.865,2,12,3.05705,1,1,0,0,Medium
4,1,2,1,1,1,52.396,4.945,2,0,3.64942,0,1,0,0,Medium
4,1,1,1,2,1,52.364,4.941,2,6,3.28628,0,1,0,0,Medium
2,1,1,1,1,1,52.373,4.878,2,1,1.64564,0,1,0,0,Medium
3,1,1,1,2,1,52.363,4.861,3,25,3.16977,0,1,0,0,Medium
4,2,4,1,2,1,52.363,4.867,2,1,2.85833,0,1,0,0,Medium
3,2,1,1,1,1,52.376,4.876,2,10,1.62526,0,1,0,0,Medium
2,2,1,1,1,1,52.344,4.907,3,14,3.89380,0,1,0,0,Medium
3,1,1,1,2,1,52.362,4.934,2,8,2.99005,0,1,0,0,Medium
2,2,1,1,1,1,52.381,4.882,1,29,1.22089,0,1,0,0,Medium
2,1,1,1,1,1,52.378,4.882,5,9,1.16258,0,1,0,0,Medium
2,1,1,1,2,1,52.369,4.929,2,6,2.30713,0,1,0,0,Medium
4,1,2,1,1,1,52.360,4.866,3,13,3.07599,0,1,0,0,Medium
2,1,1,1,2,1,52.341,4.903,1,33,4.25273,0,1,0,0,Medium
2,1,1,1,1,1,52.378,4.873,2,4,1.79004,0,1,0,0,Medium
4,2,3,1,4,1,52.372,4.931,1,17,2.29201,0,1,0,0,Medium
2,1,1,1,1,1,52.359,4.861,3,0,3.44008,0,1,0,0,Medium
4,1,1,1,2,1,52.343,4.903,1,20,3.99380,0,1,0,0,Medium
2,2,1,1,1,1,52.369,4.855,1,11,3.22057,0,1,0,0,Medium
4,1,2,1,4,1,52.348,4.898,1,8,3.51700,1,1,0,0,Medium
4,1,1,1,1,1,52.384,4.857,2,4,2.92980,0,1,0,0,Medium
2,1,1,1,1,1,52.353,4.901,60,34,2.95309,0,1,0,0,Medium
2,1,1,3,1,3,52.368,4.897,3,39,1.27071,0,1,0,0,Medium
2,1,1,1,1,1,52.368,4.878,2,12,1.93220,0,1,0,0,Medium
2,1,1,1,1,1,52.352,4.888,2,6,3.16074,0,1,0,0,Medium
3,2,2,1,1,1,52.370,4.889,3,2,1.22541,1,1,0,0,Highest
4,2,2,2,1,2,52.354,4.936,3,1,3.75605,0,1,0,0,Medium
2,1,1,1,1,1,52.367,4.866,2,3,2.61121,0,0,1,0,Medium
2,1,1,1,1,1,52.371,4.848,2,0,3.57673,0,1,0,0,Medium
16,2,10,2,16,2,52.369,4.919,2,54,1.75440,0,1,0,0,Mid-High
6,1,4,1,5,2,52.355,4.875,4,8,3.17831,0,1,0,0,Highest
5,2,4,2,5,2,52.356,5.001,2,0,7.38075,0,1,0,0,Mid-High
4,2,3,1,3,1,52.356,4.882,2,61,2.86185,0,1,0,0,Mid-High
6,2,2,25,4,27,52.378,4.879,2,17,1.40833,1,1,0,0,Mid-High
4,1,2,1,1,1,52.390,4.888,2,11,1.42899,0,1,0,0,Mid-High
4,2,3,1,1,1,52.384,4.885,7,0,1.13763,1,1,0,0,Mid-High
4,2,2,1,1,1,52.360,4.889,5,0,2.28070,1,1,0,0,Mid-High
7,2,3,1,1,1,52.365,4.927,10,0,2.45214,0,1,0,0,Mid-High
4,2,2,1,1,1,52.361,4.875,6,0,2.58792,0,1,0,0,Mid-High
2,2,1,3,2,3,52.367,4.882,3,11,1.80431,0,0,1,0,Mid-High
2,1,1,1,2,1,52.368,4.946,2,12,3.40201,0,1,0,0,Mid-High
3,1,2,1,3,2,52.359,4.876,4,1,2.73197,0,1,0,0,Mid-High
2,1,0,3,1,3,52.370,4.880,1,3,1.66187,0,1,0,0,Mid-High
4,2,2,1,1,1,52.363,4.873,2,1,2.57811,0,1,0,0,Mid-High
3,2,2,1,1,1,52.349,4.803,4,2,7.38825,0,1,0,0,Low
2,1,1,1,1,1,52.369,4.924,3,2,2.01597,0,1,0,0,Low
2,1,1,1,1,1,52.345,4.902,2,40,3.77273,0,1,0,0,Low
2,1,1,1,1,1,52.363,4.933,1,1,2.90985,0,1,0,0,Low
4,1,1,1,2,1,52.384,4.859,2,24,2.80287,0,1,0,0,Low
2,1,1,1,1,1,52.367,4.892,3,1,1.42101,0,1,0,0,Low
3,1,1,4,2,4,52.383,4.894,3,16,0.58243,1,0,1,0,Low
5,1,3,1,2,1,52.356,4.877,2,19,2.99278,0,1,0,0,Mid-High
4,1,2,1,2,1,52.350,4.848,2,2,4.77157,0,1,0,0,Low
6,1,3,1,2,1,52.342,4.849,1,4,5.36250,0,1,0,0,Highest
4,2,1,1,2,1,52.389,4.928,2,19,2.27018,1,1,0,0,Low
1,1,1,1,1,1,52.368,4.849,2,20,3.62181,0,0,1,0,Low
2,1,1,1,1,1,52.350,4.848,4,0,4.79049,0,1,0,0,Low
2,1,1,1,1,1,52.358,4.860,2,1,3.55483,0,1,0,0,Low
6,1,4,1,1,1,52.364,4.872,5,0,2.53126,0,1,0,0,Highest
4,1,2,2,3,2,52.346,4.890,2,11,3.73143,0,1,0,0,Mid-High
2,1,1,1,1,1,52.370,4.851,3,0,3.44669,0,1,0,0,Low
2,1,1,1,2,1,52.357,4.926,1,4,3.03503,0,1,0,0,Low
2,1,1,1,1,1,52.406,4.922,1,18,3.39354,0,0,1,0,Low
2,1,1,1,1,1,52.380,4.854,2,20,3.05172,0,1,0,0,Low
4,2,2,1,2,1,52.357,4.859,1,0,3.68430,1,1,0,0,Medium
3,2,1,1,2,1,52.356,4.909,2,9,2.67311,0,1,0,0,Medium
2,1,1,1,1,1,52.384,4.890,3,0,0.84449,0,1,0,0,Medium
2,1,1,1,1,1,52.387,4.890,2,41,1.09514,0,0,1,0,Medium
2,1,1,1,1,1,52.375,4.862,3,8,2.60105,0,1,0,0,Low
4,1,2,1,2,1,52.364,4.983,3,0,5.95184,0,1,0,0,Medium
4,2,2,1,1,1,52.358,4.934,2,8,3.27948,0,1,0,0,Medium
